{"weightskj":[[-3.2603373703949083,5.382987032668754,6.400231529236255,-3.8856460685619014,-5.929667548922304],[-4.279387718890682,5.361909255954125,-3.052709490625732,8.19847418930431,2.060048062345925]],"weightsji":[[-5.934810687146679,-10.032445274393748,-6.697215378335029],[-5.283293611630536,7.208148267322681,11.251600222725836],[1.120339829784702,-2.207323133091141,-6.619316191000674],[8.631842363546747,1.5726701818299307,-9.31627531059262],[-8.946651225492241,-4.620109486131655,3.111711758069904]]}