{"weightskj":[[-0.3088389045853366,4.93186845697971,1.1422731891688203,-2.165655064383424,0.22339646413105999],[0.6888406066714392,1.9841169127226723,0.9258006030151297,-1.8954789911228196,-1.3990914420660554],[-1.2353143397181172,0.16735848399310338,0.7425140260215662,1.7828190149234597,-1.180784368064198],[-1.2452349249696328,-1.666792707755632,-1.3679000405753314,2.9119521698928272,-0.42449489031447235],[-0.3153346290144701,-1.975349219968388,1.7347698486447394,1.7229365333192506,-0.16154789657701082],[-0.9146333681012394,2.9701136606591727,-1.2035138382065695,0.38281732840960275,0.004561989521888683],[-0.8555952572426092,1.5820855909279243,0.301416269715474,1.715809053563335,-1.3450659951351296],[-0.4522443254342363,-1.0973161721889548,1.6048936540365462,-0.034086875584724924,-1.2982389220742772],[-1.0686075868109737,2.7915387547056887,0.8316923150543635,-0.5853000688986094,-0.013197125019076923],[-1.3520850524836605,1.7370528230883626,-1.2775142806520148,0.0013123496483693584,0.7036129678050633],[0.022737760531152576,1.5052137625542734,0.2274138483743198,-3.001178353308726,-0.0310178638236187],[-1.5003219460888484,3.010811435738606,1.5068705323339397,-2.5957377312398555,-1.550580803869294],[-0.415424056983292,-1.1034095401739572,0.9887243632193237,2.447273096397837,0.02180134200281818],[0.05051505070024741,2.148706968943278,1.409858776890034,-0.17663267431273275,0.6878657971759199],[1.0679872001438422,-0.7417461825451964,-0.4347499760403509,-1.8216604996991927,1.5431882925184783],[-0.4449059212717648,1.363454995879925,-0.8474258653048836,-2.7613424443305616,-1.327400040931315],[0.5130945856832333,3.0748474133711885,-1.5504276738087654,-2.1387579739094025,1.1445162115123495],[-0.3212972085040914,-1.990667031801311,2.357582359499834,2.592696173953136,-1.3531152887323998],[-0.3798148582896182,2.5432031669948234,2.0124349693816646,-3.612558523830295,-1.3637719799238377],[-0.4325834022109306,2.4795582890624868,1.5556233938414081,-1.7421956876832883,0.961237875117007]],"weightsji":[[-1.4297856410475143,-0.8332804938498822,0.0728702282891371],[-9.290473789687077,-3.540914108787171,7.955208884130773],[1.088530345754269,-0.838454289400818,-12.023746259022],[3.439676669827441,9.123237959372894,7.92664803315407],[-1.367008684945982,-0.46310330292801904,0.4486509247243841]],"weightsmk":[[0.9335573245752556,-1.1445919544960954,1.9341451691364369,1.1708366674105588,1.6230107424339013,-1.0828774715319391,0.6093965920703631,2.447903799414671,0.18598163991470965,-2.3041145626028436,-1.880398690810957,-0.368868385217463,1.6208738506990386,-0.26313178899496337,-1.505175596810596,-1.3315951652278661,-3.460304709452109,2.576043401568664,-1.583211956611867,-1.2378769699841674],[-3.578003999970345,-1.4014661967685382,0.6574424193556152,2.1225055490018194,0.5603788486217649,-0.5361531737545837,-0.8637314057656568,-0.8020925054402966,-2.2440739622403485,0.5788091409750183,-1.2853937258529098,-2.423208854593356,1.1479953788781911,-1.5804498746728162,1.0591906155451025,-1.5030801901536595,0.8807451437534985,-0.29168470519597783,-2.476692789096623,-1.5834409025860605]]}