{"weightskj":[[1.8803490328742865,-0.7859316653004664,-1.2302763408612822,0.8338832923351371,-1.1359368317725802],[1.358628205446433,0.25879995321201615,-0.5378791505249851,0.11902016841740429,-0.7139176048016646],[0.07837377710980506,-0.6648125745645043,0.9904183630088444,-1.1093907843348139,1.1867900962699902],[1.1559184876854636,-0.3201477834349592,1.511788869659491,-1.5128910638592623,1.7111927442916774],[-2.978530335601653,-0.8139977197978638,1.0293233818608445,0.6287376782951463,-0.7468736049608397],[-2.7006027477005414,-1.239991858238247,1.2753919338077382,1.0144223938237302,-0.7484464127876123],[-1.789711197174051,-1.1989452068869995,-0.9850857909781251,2.0411579451709065,-1.2254335330863595],[-0.5242813594069184,0.3817722591382576,1.4740765353682939,-1.1020293949763844,1.91555017134824],[1.4473679370689287,0.28651690101469907,0.5348540042744785,0.6435314804101478,-0.19700882476137913],[-2.1687906369426626,-1.2261202234678303,-1.1186792936802241,1.7558977369236024,-3.820602207022361],[-1.435741731377542,0.38411053844128806,0.889591161166428,2.713745240102035,-2.74239240617984],[-0.10822862291399392,1.195716367698741,-0.3197643885638393,-1.102285207505484,1.181095054957688],[-0.24053171455563366,0.050557184853108166,0.7855916821196345,-1.2062619665194672,2.0848406388519742],[-3.1970994408780693,-1.7913167592538324,-0.14987558353097621,1.994458926818433,-1.138089138662856],[-3.9552753974841734,-1.446843008676765,0.33153143804840457,1.5384873527839755,-0.5426917929646068],[-3.1826943828455754,-0.5519500110019612,1.4420854708885507,1.7941078483788202,-3.203628188476796],[1.5902915040709296,0.6104489304841811,0.2767611068627695,0.3261826018391714,0.08193481341146948],[-3.4969853869661165,-2.095314156150551,0.7950599812952723,1.961868625607678,-0.5415707940178565],[0.40933634573644295,0.9987446783100297,0.6536811589624235,-0.7166648088926234,-0.3520779441117649],[-0.6580147428711464,0.1832179302067448,0.7371427425121594,-1.0720415423400185,2.5058995599705143]],"weightsji":[[6.107905836927951,3.0691651112817446,-8.375675116804722],[1.1339788904253045,0.6618239700974156,-2.745603985605669],[-2.0755112952613755,2.134337338791903,-1.7169387659717885],[-7.105962321453183,-6.574743580407604,-2.645081684670641],[-0.398219273597958,4.477481875803921,7.611116745191414]],"weightsmk":[[1.932507062220507,-0.7580744623873976,0.5987883566210666,1.3384229011946216,0.49245411015954044,-0.795906933513276,0.12482353394651759,1.182101534363426,-0.157893033801064,-1.5843333877148975,-2.168592983378663,1.0836558687146138,1.4179145720578148,-2.4489375605408448,0.75870814044566,-2.1469652816556226,2.4389116883134183,-3.2464330256594285,0.5090133855090174,2.1523169255426358],[-0.6721503976965197,2.3107314535581907,1.1624836212622252,1.3762920787175168,-2.60078412903872,-1.132391758323928,-2.2861004863860477,1.7419070669513184,1.7176158570870288,-1.8633857040022042,-1.506728204194651,0.7577292836490807,1.518348105083795,0.22936244871586983,-3.054083853289415,-0.7648342981443134,-0.5317726638703657,0.8777055413883945,0.7594499265310607,2.015095031919507]]}